ProductID,Name,ProductNumber,Color,StandardCost,ListPrice,Size,Weight,ProductCategoryID,ProductModelID
680,"HL Road Frame - Black, 58",FR-R92B-58,Black,1059.31,1431.5,58,1016.04,18,6
706,"HL Road Frame - Red, 58",FR-R92R-58,Red,1059.31,1431.5,58,1016.04,18,6
707,"Sport-100 Helmet, Red",HL-U509-R,Red,13.0863,34.99,NULL,NULL,35,33
708,"Sport-100 Helmet, Black",HL-U509,Black,13.0863,34.99,NULL,NULL,35,33
709,"Mountain Bike Socks, M",SO-B909-M,White,3.3963,9.5,M,NULL,27,18
710,"Mountain Bike Socks, L",SO-B909-L,White,3.3963,9.5,L,NULL,27,18
711,"Sport-100 Helmet, Blue",HL-U509-B,Blue,13.0863,34.99,NULL,NULL,35,33
712,AWC Logo Cap,CA-1098,Multi,6.9223,8.99,NULL,NULL,23,2
713,"Long-Sleeve Logo Jersey, S",LJ-0192-S,Multi,38.4923,49.99,S,NULL,25,11
714,"Long-Sleeve Logo Jersey, M",LJ-0192-M,Multi,38.4923,49.99,M,NULL,25,11
715,"Long-Sleeve Logo Jersey, L",LJ-0192-L,Multi,38.4923,49.99,L,NULL,25,11
716,"Long-Sleeve Logo Jersey, XL",LJ-0192-X,Multi,38.4923,49.99,XL,NULL,25,11
717,"HL Road Frame - Red, 62",FR-R92R-62,Red,868.6342,1431.5,62,1043.26,18,6
718,"HL Road Frame - Red, 44",FR-R92R-44,Red,868.6342,1431.5,44,961.61,18,6
719,"HL Road Frame - Red, 48",FR-R92R-48,Red,868.6342,1431.5,48,979.75,18,6
720,"HL Road Frame - Red, 52",FR-R92R-52,Red,868.6342,1431.5,52,997.9,18,6
721,"HL Road Frame - Red, 56",FR-R92R-56,Red,868.6342,1431.5,56,1016.04,18,6
722,"LL Road Frame - Black, 58",FR-R38B-58,Black,204.6251,337.22,58,1115.83,18,9
723,"LL Road Frame - Black, 60",FR-R38B-60,Black,204.6251,337.22,60,1124.9,18,9
724,"LL Road Frame - Black, 62",FR-R38B-62,Black,204.6251,337.22,62,1133.98,18,9
725,"LL Road Frame - Red, 44",FR-R38R-44,Red,187.1571,337.22,44,1052.33,18,9
726,"LL Road Frame - Red, 48",FR-R38R-48,Red,187.1571,337.22,48,1070.47,18,9
727,"LL Road Frame - Red, 52",FR-R38R-52,Red,187.1571,337.22,52,1088.62,18,9
728,"LL Road Frame - Red, 58",FR-R38R-58,Red,187.1571,337.22,58,1115.83,18,9
729,"LL Road Frame - Red, 60",FR-R38R-60,Red,187.1571,337.22,60,1124.9,18,9
730,"LL Road Frame - Red, 62",FR-R38R-62,Red,187.1571,337.22,62,1133.98,18,9
731,"ML Road Frame - Red, 44",FR-R72R-44,Red,352.1394,594.83,44,1006.97,18,16
732,"ML Road Frame - Red, 48",FR-R72R-48,Red,352.1394,594.83,48,1025.11,18,16
733,"ML Road Frame - Red, 52",FR-R72R-52,Red,352.1394,594.83,52,1043.26,18,16
734,"ML Road Frame - Red, 58",FR-R72R-58,Red,352.1394,594.83,58,1070.47,18,16
735,"ML Road Frame - Red, 60",FR-R72R-60,Red,352.1394,594.83,60,1079.54,18,16
736,"LL Road Frame - Black, 44",FR-R38B-44,Black,204.6251,337.22,44,1052.33,18,9
737,"LL Road Frame - Black, 48",FR-R38B-48,Black,204.6251,337.22,48,1070.47,18,9
738,"LL Road Frame - Black, 52",FR-R38B-52,Black,204.6251,337.22,52,1088.62,18,9
739,"HL Mountain Frame - Silver, 42",FR-M94S-42,Silver,747.2002,1364.5,42,1233.76,16,5
740,"HL Mountain Frame - Silver, 44",FR-M94S-44,Silver,706.811,1364.5,44,1251.91,16,5
741,"HL Mountain Frame - Silver, 48",FR-M94S-52,Silver,706.811,1364.5,48,1270.05,16,5
742,"HL Mountain Frame - Silver, 46",FR-M94S-46,Silver,747.2002,1364.5,46,1288.2,16,5
743,"HL Mountain Frame - Black, 42",FR-M94B-42,Black,739.041,1349.6,42,1233.76,16,5
744,"HL Mountain Frame - Black, 44",FR-M94B-44,Black,699.0928,1349.6,44,1251.91,16,5
745,"HL Mountain Frame - Black, 48",FR-M94B-48,Black,699.0928,1349.6,48,1270.05,16,5
746,"HL Mountain Frame - Black, 46",FR-M94B-46,Black,739.041,1349.6,46,1288.2,16,5
747,"HL Mountain Frame - Black, 38",FR-M94B-38,Black,739.041,1349.6,38,1215.62,16,5
748,"HL Mountain Frame - Silver, 38",FR-M94S-38,Silver,747.2002,1364.5,38,1215.62,16,5
749,"Road-150 Red, 62",BK-R93R-62,Red,2171.2942,3578.27,62,6803.85,6,25
750,"Road-150 Red, 44",BK-R93R-44,Red,2171.2942,3578.27,44,6245.93,6,25
751,"Road-150 Red, 48",BK-R93R-48,Red,2171.2942,3578.27,48,6409.23,6,25
752,"Road-150 Red, 52",BK-R93R-52,Red,2171.2942,3578.27,52,6540.77,6,25
753,"Road-150 Red, 56",BK-R93R-56,Red,2171.2942,3578.27,56,6658.7,6,25
754,"Road-450 Red, 58",BK-R68R-58,Red,884.7083,1457.99,58,8069.37,6,28
755,"Road-450 Red, 60",BK-R68R-60,Red,884.7083,1457.99,60,8119.26,6,28
756,"Road-450 Red, 44",BK-R68R-44,Red,884.7083,1457.99,44,7606.7,6,28
757,"Road-450 Red, 48",BK-R68R-48,Red,884.7083,1457.99,48,7770,6,28
758,"Road-450 Red, 52",BK-R68R-52,Red,884.7083,1457.99,52,7901.54,6,28
759,"Road-650 Red, 58",BK-R50R-58,Red,486.7066,782.99,58,8976.55,6,30
760,"Road-650 Red, 60",BK-R50R-60,Red,486.7066,782.99,60,9026.44,6,30
761,"Road-650 Red, 62",BK-R50R-62,Red,486.7066,782.99,62,9071.8,6,30
762,"Road-650 Red, 44",BK-R50R-44,Red,486.7066,782.99,44,8513.88,6,30
763,"Road-650 Red, 48",BK-R50R-48,Red,486.7066,782.99,48,8677.18,6,30
764,"Road-650 Red, 52",BK-R50R-52,Red,486.7066,782.99,52,8808.72,6,30
765,"Road-650 Black, 58",BK-R50B-58,Black,486.7066,782.99,58,8976.55,6,30
766,"Road-650 Black, 60",BK-R50B-60,Black,486.7066,782.99,60,9026.44,6,30
767,"Road-650 Black, 62",BK-R50B-62,Black,486.7066,782.99,62,9071.8,6,30
768,"Road-650 Black, 44",BK-R50B-44,Black,486.7066,782.99,44,8513.88,6,30
769,"Road-650 Black, 48",BK-R50B-48,Black,486.7066,782.99,48,8677.18,6,30
770,"Road-650 Black, 52",BK-R50B-52,Black,486.7066,782.99,52,8808.72,6,30
771,"Mountain-100 Silver, 38",BK-M82S-38,Silver,1912.1544,3399.99,38,9230.56,5,19
772,"Mountain-100 Silver, 42",BK-M82S-42,Silver,1912.1544,3399.99,42,9421.06,5,19
773,"Mountain-100 Silver, 44",BK-M82S-44,Silver,1912.1544,3399.99,44,9584.36,5,19
774,"Mountain-100 Silver, 48",BK-M82S-48,Silver,1912.1544,3399.99,48,9715.9,5,19
775,"Mountain-100 Black, 38",BK-M82B-38,Black,1898.0944,3374.99,38,9230.56,5,19
776,"Mountain-100 Black, 42",BK-M82B-42,Black,1898.0944,3374.99,42,9421.06,5,19
777,"Mountain-100 Black, 44",BK-M82B-44,Black,1898.0944,3374.99,44,9584.36,5,19
778,"Mountain-100 Black, 48",BK-M82B-48,Black,1898.0944,3374.99,48,9715.9,5,19
779,"Mountain-200 Silver, 38",BK-M68S-38,Silver,1265.6195,2319.99,38,10591.33,5,20
780,"Mountain-200 Silver, 42",BK-M68S-42,Silver,1265.6195,2319.99,42,10781.83,5,20
781,"Mountain-200 Silver, 46",BK-M68S-46,Silver,1265.6195,2319.99,46,10945.13,5,20
782,"Mountain-200 Black, 38",BK-M68B-38,Black,1251.9813,2294.99,38,10591.33,5,20
783,"Mountain-200 Black, 42",BK-M68B-42,Black,1251.9813,2294.99,42,10781.83,5,20
784,"Mountain-200 Black, 46",BK-M68B-46,Black,1251.9813,2294.99,46,10945.13,5,20
785,"Mountain-300 Black, 38",BK-M47B-38,Black,598.4354,1079.99,38,11498.51,5,21
786,"Mountain-300 Black, 40",BK-M47B-40,Black,598.4354,1079.99,40,11689.01,5,21
787,"Mountain-300 Black, 44",BK-M47B-44,Black,598.4354,1079.99,44,11852.31,5,21
788,"Mountain-300 Black, 48",BK-M47B-48,Black,598.4354,1079.99,48,11983.85,5,21
789,"Road-250 Red, 44",BK-R89R-44,Red,1518.7864,2443.35,44,6699.52,6,26
790,"Road-250 Red, 48",BK-R89R-48,Red,1518.7864,2443.35,48,6862.82,6,26
791,"Road-250 Red, 52",BK-R89R-52,Red,1518.7864,2443.35,52,6994.36,6,26
792,"Road-250 Red, 58",BK-R89R-58,Red,1554.9479,2443.35,58,7162.19,6,26
793,"Road-250 Black, 44",BK-R89B-44,Black,1554.9479,2443.35,44,6699.52,6,26
794,"Road-250 Black, 48",BK-R89B-48,Black,1554.9479,2443.35,48,6862.82,6,26
795,"Road-250 Black, 52",BK-R89B-52,Black,1554.9479,2443.35,52,6994.36,6,26
796,"Road-250 Black, 58",BK-R89B-58,Black,1554.9479,2443.35,58,7112.29,6,26
797,"Road-550-W Yellow, 38",BK-R64Y-38,Yellow,713.0798,1120.49,38,7869.79,6,29
798,"Road-550-W Yellow, 40",BK-R64Y-40,Yellow,713.0798,1120.49,40,8060.29,6,29
799,"Road-550-W Yellow, 42",BK-R64Y-42,Yellow,713.0798,1120.49,42,8223.59,6,29
800,"Road-550-W Yellow, 44",BK-R64Y-44,Yellow,713.0798,1120.49,44,8355.13,6,29
801,"Road-550-W Yellow, 48",BK-R64Y-48,Yellow,713.0798,1120.49,48,8473.06,6,29
802,LL Fork,FK-1639,NULL,65.8097,148.22,NULL,NULL,14,104
803,ML Fork,FK-5136,NULL,77.9176,175.49,NULL,NULL,14,105
804,HL Fork,FK-9939,NULL,101.8936,229.49,NULL,NULL,14,106
805,LL Headset,HS-0296,NULL,15.1848,34.2,NULL,NULL,15,59
806,ML Headset,HS-2451,NULL,45.4168,102.29,NULL,NULL,15,60
807,HL Headset,HS-3479,NULL,55.3801,124.73,NULL,NULL,15,61
808,LL Mountain Handlebars,HB-M243,NULL,19.7758,44.54,NULL,NULL,8,52
809,ML Mountain Handlebars,HB-M763,NULL,27.4925,61.92,NULL,NULL,8,54
810,HL Mountain Handlebars,HB-M918,NULL,53.3999,120.27,NULL,NULL,8,55
811,LL Road Handlebars,HB-R504,NULL,19.7758,44.54,NULL,NULL,8,56
812,ML Road Handlebars,HB-R720,NULL,27.4925,61.92,NULL,NULL,8,57
813,HL Road Handlebars,HB-R956,NULL,53.3999,120.27,NULL,NULL,8,58
814,"ML Mountain Frame - Black, 38",FR-M63B-38,Black,185.8193,348.76,38,1238.3,16,15
815,LL Mountain Front Wheel,FW-M423,Black,26.9708,60.745,NULL,NULL,21,42
816,ML Mountain Front Wheel,FW-M762,Black,92.8071,209.025,NULL,NULL,21,45
817,HL Mountain Front Wheel,FW-M928,Black,133.2955,300.215,NULL,NULL,21,46
818,LL Road Front Wheel,FW-R623,Black,37.9909,85.565,NULL,900,21,49
819,ML Road Front Wheel,FW-R762,Black,110.2829,248.385,NULL,850,21,50
820,HL Road Front Wheel,FW-R820,Black,146.5466,330.06,NULL,650,21,51
821,Touring Front Wheel,FW-T905,Black,96.7964,218.01,NULL,NULL,21,44
822,"ML Road Frame-W - Yellow, 38",FR-R72Y-38,Yellow,360.9428,594.83,38,988.83,18,17
823,LL Mountain Rear Wheel,RW-M423,Black,38.9588,87.745,NULL,NULL,21,123
824,ML Mountain Rear Wheel,RW-M762,Black,104.7951,236.025,NULL,NULL,21,124
825,HL Mountain Rear Wheel,RW-M928,Black,145.2835,327.215,NULL,NULL,21,125
826,LL Road Rear Wheel,RW-R623,Black,49.9789,112.565,NULL,1050,21,126
827,ML Road Rear Wheel,RW-R762,Black,122.2709,275.385,NULL,1000,21,77
828,HL Road Rear Wheel,RW-R820,Black,158.5346,357.06,NULL,890,21,78
829,Touring Rear Wheel,RW-T905,Black,108.7844,245.01,NULL,NULL,21,43
830,"ML Mountain Frame - Black, 40",FR-M63B-40,Black,185.8193,348.76,40,1256.44,16,14
831,"ML Mountain Frame - Black, 44",FR-M63B-44,Black,185.8193,348.76,44,1274.59,16,14
832,"ML Mountain Frame - Black, 48",FR-M63B-48,Black,185.8193,348.76,48,1292.73,16,14
833,"ML Road Frame-W - Yellow, 40",FR-R72Y-40,Yellow,360.9428,594.83,40,1006.97,18,17
834,"ML Road Frame-W - Yellow, 42",FR-R72Y-42,Yellow,360.9428,594.83,42,1025.11,18,17
835,"ML Road Frame-W - Yellow, 44",FR-R72Y-44,Yellow,360.9428,594.83,44,1043.26,18,17
836,"ML Road Frame-W - Yellow, 48",FR-R72Y-48,Yellow,360.9428,594.83,48,1061.4,18,17
837,"HL Road Frame - Black, 62",FR-R92B-62,Black,868.6342,1431.5,62,1043.26,18,6
838,"HL Road Frame - Black, 44",FR-R92B-44,Black,868.6342,1431.5,44,961.61,18,6
839,"HL Road Frame - Black, 48",FR-R92B-48,Black,868.6342,1431.5,48,979.75,18,6
840,"HL Road Frame - Black, 52",FR-R92B-52,Black,868.6342,1431.5,52,997.9,18,6
841,"Men's Sports Shorts, S",SH-M897-S,Black,24.7459,59.99,S,NULL,26,13
842,"Touring-Panniers, Large",PA-T100,Grey,51.5625,125,NULL,NULL,39,120
843,Cable Lock,LO-C100,NULL,10.3125,25,NULL,NULL,38,115
844,Minipump,PU-0452,NULL,8.2459,19.99,NULL,NULL,40,116
845,Mountain Pump,PU-M044,NULL,10.3084,24.99,NULL,NULL,40,117
846,Taillights - Battery-Powered,LT-T990,NULL,5.7709,13.99,NULL,NULL,37,108
847,Headlights - Dual-Beam,LT-H902,NULL,14.4334,34.99,NULL,NULL,37,109
848,Headlights - Weatherproof,LT-H903,NULL,18.5584,44.99,NULL,NULL,37,110
849,"Men's Sports Shorts, M",SH-M897-M,Black,24.7459,59.99,M,NULL,26,13
850,"Men's Sports Shorts, L",SH-M897-L,Black,24.7459,59.99,L,NULL,26,13
851,"Men's Sports Shorts, XL",SH-M897-X,Black,24.7459,59.99,XL,NULL,26,13
852,"Women's Tights, S",TG-W091-S,Black,30.9334,74.99,S,NULL,28,38
853,"Women's Tights, M",TG-W091-M,Black,30.9334,74.99,M,NULL,28,38
854,"Women's Tights, L",TG-W091-L,Black,30.9334,74.99,L,NULL,28,38
855,"Men's Bib-Shorts, S",SB-M891-S,Multi,37.1209,89.99,S,NULL,22,12
856,"Men's Bib-Shorts, M",SB-M891-M,Multi,37.1209,89.99,M,NULL,22,12
857,"Men's Bib-Shorts, L",SB-M891-L,Multi,37.1209,89.99,L,NULL,22,12
858,"Half-Finger Gloves, S",GL-H102-S,Black,9.1593,24.49,S,NULL,24,4
859,"Half-Finger Gloves, M",GL-H102-M,Black,9.1593,24.49,M,NULL,24,4
860,"Half-Finger Gloves, L",GL-H102-L,Black,9.1593,24.49,L,NULL,24,4
861,"Full-Finger Gloves, S",GL-F110-S,Black,15.6709,37.99,S,NULL,24,3
862,"Full-Finger Gloves, M",GL-F110-M,Black,15.6709,37.99,M,NULL,24,3
863,"Full-Finger Gloves, L",GL-F110-L,Black,15.6709,37.99,L,NULL,24,3
864,"Classic Vest, S",VE-C304-S,Blue,23.749,63.5,S,NULL,29,1
865,"Classic Vest, M",VE-C304-M,Blue,23.749,63.5,M,NULL,29,1
866,"Classic Vest, L",VE-C304-L,Blue,23.749,63.5,L,NULL,29,1
867,"Women's Mountain Shorts, S",SH-W890-S,Black,26.1763,69.99,S,NULL,26,37
868,"Women's Mountain Shorts, M",SH-W890-M,Black,26.1763,69.99,M,NULL,26,37
869,"Women's Mountain Shorts, L",SH-W890-L,Black,26.1763,69.99,L,NULL,26,37
870,Water Bottle - 30 oz.,WB-H098,NULL,1.8663,4.99,NULL,NULL,32,111
871,Mountain Bottle Cage,BC-M005,NULL,3.7363,9.99,NULL,NULL,32,112
872,Road Bottle Cage,BC-R205,NULL,3.3623,8.99,NULL,NULL,32,113
873,Patch Kit/8 Patches,PK-7098,NULL,0.8565,2.29,NULL,NULL,41,114
874,"Racing Socks, M",SO-R809-M,White,3.3623,8.99,M,NULL,27,24
875,"Racing Socks, L",SO-R809-L,White,3.3623,8.99,L,NULL,27,24
876,Hitch Rack - 4-Bike,RA-H123,NULL,44.88,120,NULL,NULL,30,118
877,Bike Wash - Dissolver,CL-9009,NULL,2.9733,7.95,NULL,NULL,33,119
878,Fender Set - Mountain,FE-6654,NULL,8.2205,21.98,NULL,NULL,34,121
879,All-Purpose Bike Stand,ST-1401,NULL,59.466,159,NULL,NULL,31,122
880,Hydration Pack - 70 oz.,HY-1023-70,Silver,20.5663,54.99,70,NULL,36,107
881,"Short-Sleeve Classic Jersey, S",SJ-0194-S,Yellow,41.5723,53.99,S,NULL,25,32
882,"Short-Sleeve Classic Jersey, M",SJ-0194-M,Yellow,41.5723,53.99,M,NULL,25,32
883,"Short-Sleeve Classic Jersey, L",SJ-0194-L,Yellow,41.5723,53.99,L,NULL,25,32
884,"Short-Sleeve Classic Jersey, XL",SJ-0194-X,Yellow,41.5723,53.99,XL,NULL,25,32
885,"HL Touring Frame - Yellow, 60",FR-T98Y-60,Yellow,601.7437,1003.91,60,1397.06,20,7
886,"LL Touring Frame - Yellow, 62",FR-T67Y-62,Yellow,199.8519,333.42,62,1451.49,20,10
887,"HL Touring Frame - Yellow, 46",FR-T98Y-46,Yellow,601.7437,1003.91,46,1342.63,20,7
888,"HL Touring Frame - Yellow, 50",FR-T98Y-50,Yellow,601.7437,1003.91,50,1360.77,20,7
889,"HL Touring Frame - Yellow, 54",FR-T98Y-54,Yellow,601.7437,1003.91,54,1378.91,20,7
890,"HL Touring Frame - Blue, 46",FR-T98U-46,Blue,601.7437,1003.91,46,1342.63,20,7
891,"HL Touring Frame - Blue, 50",FR-T98U-50,Blue,601.7437,1003.91,50,1360.77,20,7
892,"HL Touring Frame - Blue, 54",FR-T98U-54,Blue,601.7437,1003.91,54,1378.91,20,7
893,"HL Touring Frame - Blue, 60",FR-T98U-60,Blue,601.7437,1003.91,60,1397.06,20,7
894,Rear Derailleur,RD-2308,Silver,53.9282,121.46,NULL,215,13,127
895,"LL Touring Frame - Blue, 50",FR-T67U-50,Blue,199.8519,333.42,50,1406.13,20,10
896,"LL Touring Frame - Blue, 54",FR-T67U-54,Blue,199.8519,333.42,54,1424.27,20,10
897,"LL Touring Frame - Blue, 58",FR-T67U-58,Blue,199.8519,333.42,58,1433.34,20,10
898,"LL Touring Frame - Blue, 62",FR-T67U-62,Blue,199.8519,333.42,62,1451.49,20,10
899,"LL Touring Frame - Yellow, 44",FR-T67Y-44,Yellow,199.8519,333.42,44,1369.84,20,10
900,"LL Touring Frame - Yellow, 50",FR-T67Y-50,Yellow,199.8519,333.42,50,1406.13,20,10
901,"LL Touring Frame - Yellow, 54",FR-T67Y-54,Yellow,199.8519,333.42,54,1424.27,20,10
902,"LL Touring Frame - Yellow, 58",FR-T67Y-58,Yellow,199.8519,333.42,58,1433.34,20,10
903,"LL Touring Frame - Blue, 44",FR-T67U-44,Blue,199.8519,333.42,44,1369.84,20,10
904,"ML Mountain Frame-W - Silver, 40",FR-M63S-40,Silver,199.3757,364.09,40,1256.44,16,15
905,"ML Mountain Frame-W - Silver, 42",FR-M63S-42,Silver,199.3757,364.09,42,1274.59,16,15
906,"ML Mountain Frame-W - Silver, 46",FR-M63S-46,Silver,199.3757,364.09,46,1292.73,16,15
907,Rear Brakes,RB-9231,Silver,47.286,106.5,NULL,317,10,128
908,LL Mountain Seat/Saddle,SE-M236,NULL,12.0413,27.12,NULL,NULL,19,79
909,ML Mountain Seat/Saddle,SE-M798,NULL,17.3782,39.14,NULL,NULL,19,80
910,HL Mountain Seat/Saddle,SE-M940,NULL,23.3722,52.64,NULL,NULL,19,81
911,LL Road Seat/Saddle,SE-R581,NULL,12.0413,27.12,NULL,NULL,19,82
912,ML Road Seat/Saddle,SE-R908,NULL,17.3782,39.14,NULL,NULL,19,83
913,HL Road Seat/Saddle,SE-R995,NULL,23.3722,52.64,NULL,NULL,19,84
914,LL Touring Seat/Saddle,SE-T312,NULL,12.0413,27.12,NULL,NULL,19,66
915,ML Touring Seat/Saddle,SE-T762,NULL,17.3782,39.14,NULL,NULL,19,65
916,HL Touring Seat/Saddle,SE-T924,NULL,23.3722,52.64,NULL,NULL,19,67
917,"LL Mountain Frame - Silver, 42",FR-M21S-42,Silver,144.5938,264.05,42,1324.48,16,8
918,"LL Mountain Frame - Silver, 44",FR-M21S-44,Silver,144.5938,264.05,44,1342.63,16,8
919,"LL Mountain Frame - Silver, 48",FR-M21S-48,Silver,144.5938,264.05,48,1360.77,16,8
920,"LL Mountain Frame - Silver, 52",FR-M21S-52,Silver,144.5938,264.05,52,1378.91,16,8
921,Mountain Tire Tube,TT-M928,NULL,1.8663,4.99,NULL,NULL,41,92
922,Road Tire Tube,TT-R982,NULL,1.4923,3.99,NULL,NULL,41,93
923,Touring Tire Tube,TT-T092,NULL,1.8663,4.99,NULL,NULL,41,94
924,"LL Mountain Frame - Black, 42",FR-M21B-42,Black,136.785,249.79,42,1324.48,16,8
925,"LL Mountain Frame - Black, 44",FR-M21B-44,Black,136.785,249.79,44,1342.63,16,8
926,"LL Mountain Frame - Black, 48",FR-M21B-48,Black,136.785,249.79,48,1360.77,16,8
927,"LL Mountain Frame - Black, 52",FR-M21B-52,Black,136.785,249.79,52,1378.91,16,8
928,LL Mountain Tire,TI-M267,NULL,9.3463,24.99,NULL,NULL,41,85
929,ML Mountain Tire,TI-M602,NULL,11.2163,29.99,NULL,NULL,41,86
930,HL Mountain Tire,TI-M823,NULL,13.09,35,NULL,NULL,41,87
931,LL Road Tire,TI-R092,NULL,8.0373,21.49,NULL,NULL,41,88
932,ML Road Tire,TI-R628,NULL,9.3463,24.99,NULL,NULL,41,89
933,HL Road Tire,TI-R982,NULL,12.1924,32.6,NULL,NULL,41,90
934,Touring Tire,TI-T723,NULL,10.8423,28.99,NULL,NULL,41,91
935,LL Mountain Pedal,PD-M282,Silver/Black,17.9776,40.49,NULL,218,17,62
936,ML Mountain Pedal,PD-M340,Silver/Black,27.568,62.09,NULL,215,17,63
937,HL Mountain Pedal,PD-M562,Silver/Black,35.9596,80.99,NULL,185,17,64
938,LL Road Pedal,PD-R347,Silver/Black,17.9776,40.49,NULL,189,17,68
939,ML Road Pedal,PD-R563,Silver/Black,27.568,62.09,NULL,168,17,69
940,HL Road Pedal,PD-R853,Silver/Black,35.9596,80.99,NULL,149,17,70
941,Touring Pedal,PD-T852,Silver/Black,35.9596,80.99,NULL,NULL,17,53
942,"ML Mountain Frame-W - Silver, 38",FR-M63S-38,Silver,199.3757,364.09,38,1238.3,16,15
943,"LL Mountain Frame - Black, 40",FR-M21B-40,Black,136.785,249.79,40,1306.34,16,8
944,"LL Mountain Frame - Silver, 40",FR-M21S-40,Silver,144.5938,264.05,40,1306.34,16,8
945,Front Derailleur,FD-2342,Silver,40.6216,91.49,NULL,88,13,103
946,LL Touring Handlebars,HB-T721,NULL,20.464,46.09,NULL,NULL,8,47
947,HL Touring Handlebars,HB-T928,NULL,40.6571,91.57,NULL,NULL,8,48
948,Front Brakes,FB-9873,Silver,47.286,106.5,NULL,317,10,102
949,LL Crankset,CS-4759,Black,77.9176,175.49,NULL,600,12,99
950,ML Crankset,CS-6583,Black,113.8816,256.49,NULL,635,12,100
951,HL Crankset,CS-9183,Black,179.8156,404.99,NULL,575,12,101
952,Chain,CH-0234,Silver,8.9866,20.24,NULL,NULL,11,98
953,"Touring-2000 Blue, 60",BK-T44U-60,Blue,755.1508,1214.85,60,12655.16,7,35
954,"Touring-1000 Yellow, 46",BK-T79Y-46,Yellow,1481.9379,2384.07,46,11398.72,7,34
955,"Touring-1000 Yellow, 50",BK-T79Y-50,Yellow,1481.9379,2384.07,50,11530.26,7,34
956,"Touring-1000 Yellow, 54",BK-T79Y-54,Yellow,1481.9379,2384.07,54,11648.19,7,34
957,"Touring-1000 Yellow, 60",BK-T79Y-60,Yellow,1481.9379,2384.07,60,11747.98,7,34
958,"Touring-3000 Blue, 54",BK-T18U-54,Blue,461.4448,742.35,54,13462.55,7,36
959,"Touring-3000 Blue, 58",BK-T18U-58,Blue,461.4448,742.35,58,13562.34,7,36
960,"Touring-3000 Blue, 62",BK-T18U-62,Blue,461.4448,742.35,62,13607.7,7,36
961,"Touring-3000 Yellow, 44",BK-T18Y-44,Yellow,461.4448,742.35,44,13049.78,7,36
962,"Touring-3000 Yellow, 50",BK-T18Y-50,Yellow,461.4448,742.35,50,13213.08,7,36
963,"Touring-3000 Yellow, 54",BK-T18Y-54,Yellow,461.4448,742.35,54,13344.62,7,36
964,"Touring-3000 Yellow, 58",BK-T18Y-58,Yellow,461.4448,742.35,58,13512.45,7,36
965,"Touring-3000 Yellow, 62",BK-T18Y-62,Yellow,461.4448,742.35,62,13607.7,7,36
966,"Touring-1000 Blue, 46",BK-T79U-46,Blue,1481.9379,2384.07,46,11398.72,7,34
967,"Touring-1000 Blue, 50",BK-T79U-50,Blue,1481.9379,2384.07,50,11530.26,7,34
968,"Touring-1000 Blue, 54",BK-T79U-54,Blue,1481.9379,2384.07,54,11648.19,7,34
969,"Touring-1000 Blue, 60",BK-T79U-60,Blue,1481.9379,2384.07,60,11747.98,7,34
970,"Touring-2000 Blue, 46",BK-T44U-46,Blue,755.1508,1214.85,46,12305.9,7,35
971,"Touring-2000 Blue, 50",BK-T44U-50,Blue,755.1508,1214.85,50,12437.44,7,35
972,"Touring-2000 Blue, 54",BK-T44U-54,Blue,755.1508,1214.85,54,12555.37,7,35
973,"Road-350-W Yellow, 40",BK-R79Y-40,Yellow,1082.51,1700.99,40,6962.61,6,27
974,"Road-350-W Yellow, 42",BK-R79Y-42,Yellow,1082.51,1700.99,42,7153.11,6,27
975,"Road-350-W Yellow, 44",BK-R79Y-44,Yellow,1082.51,1700.99,44,7316.41,6,27
976,"Road-350-W Yellow, 48",BK-R79Y-48,Yellow,1082.51,1700.99,48,7447.95,6,27
977,"Road-750 Black, 58",BK-R19B-58,Black,343.6496,539.99,58,9430.14,6,31
978,"Touring-3000 Blue, 44",BK-T18U-44,Blue,461.4448,742.35,44,13049.78,7,36
979,"Touring-3000 Blue, 50",BK-T18U-50,Blue,461.4448,742.35,50,13213.08,7,36
980,"Mountain-400-W Silver, 38",BK-M38S-38,Silver,419.7784,769.49,38,11952.1,5,22
981,"Mountain-400-W Silver, 40",BK-M38S-40,Silver,419.7784,769.49,40,12142.6,5,22
982,"Mountain-400-W Silver, 42",BK-M38S-42,Silver,419.7784,769.49,42,12305.9,5,22
983,"Mountain-400-W Silver, 46",BK-M38S-46,Silver,419.7784,769.49,46,12437.44,5,22
984,"Mountain-500 Silver, 40",BK-M18S-40,Silver,308.2179,564.99,40,12405.69,5,23
985,"Mountain-500 Silver, 42",BK-M18S-42,Silver,308.2179,564.99,42,12596.19,5,23
986,"Mountain-500 Silver, 44",BK-M18S-44,Silver,308.2179,564.99,44,12759.49,5,23
987,"Mountain-500 Silver, 48",BK-M18S-48,Silver,308.2179,564.99,48,12891.03,5,23
988,"Mountain-500 Silver, 52",BK-M18S-52,Silver,308.2179,564.99,52,13008.96,5,23
989,"Mountain-500 Black, 40",BK-M18B-40,Black,294.5797,539.99,40,12405.69,5,23
990,"Mountain-500 Black, 42",BK-M18B-42,Black,294.5797,539.99,42,12596.19,5,23
991,"Mountain-500 Black, 44",BK-M18B-44,Black,294.5797,539.99,44,12759.49,5,23
992,"Mountain-500 Black, 48",BK-M18B-48,Black,294.5797,539.99,48,12891.03,5,23
993,"Mountain-500 Black, 52",BK-M18B-52,Black,294.5797,539.99,52,13008.96,5,23
994,LL Bottom Bracket,BB-7421,NULL,23.9716,53.99,NULL,223,9,95
995,ML Bottom Bracket,BB-8107,NULL,44.9506,101.24,NULL,168,9,96
996,HL Bottom Bracket,BB-9108,NULL,53.9416,121.49,NULL,170,9,97
997,"Road-750 Black, 44",BK-R19B-44,Black,343.6496,539.99,44,8967.47,6,31
998,"Road-750 Black, 48",BK-R19B-48,Black,343.6496,539.99,48,9130.77,6,31
999,"Road-750 Black, 52",BK-R19B-52,Black,343.6496,539.99,52,9262.31,6,31
